{
    "train_loss": [
        0.23346161065250634,
        0.12065835599601268,
        0.06745941585488617
    ],
    "train_accuracy": [
        91.85,
        96.95,
        98.35
    ],
    "val_loss": [
        0.21415299877524377,
        0.24392575891688467,
        0.26284795997664334
    ],
    "val_accuracy": [
        93.0,
        93.25,
        93.75
    ],
    "val_f1": [
        0.9289340101522843,
        0.9346246973365617,
        0.9385749385749386
    ],
    "val_auc": [
        0.9801170468187275,
        0.9741646658663465,
        0.9752651060424169
    ]
}